DATE,VISITS
2009-10-26,249.0
2009-10-27,257.0
2009-10-28,183.0
2009-10-29,260.0
2009-10-30,199.0
2009-10-31,128.0
2009-11-01,94.0
2009-11-02,174.0
2009-11-03,243.0
2009-11-04,223.0
2009-11-05,239.0
2009-11-06,217.0
2009-11-07,179.0
2009-11-08,192.0
2009-11-09,250.0
2009-11-10,250.0
2009-11-11,235.0
2009-11-12,237.0
2009-11-13,238.0
2009-11-14,167.0
2009-11-15,174.0
2009-11-16,140.0
2009-11-17,271.0
2009-11-18,298.0
2009-11-19,252.0
2009-11-20,228.0
2009-11-21,219.0
2009-11-22,188.0
2009-11-23,269.0
2009-11-24,279.0
2009-11-25,238.0
2009-11-26,263.0
2009-11-27,273.0
2009-11-28,135.0
2009-11-29,190.0
2009-11-30,238.0
2009-12-01,242.0
2009-12-02,204.0
2009-12-03,235.0
2009-12-04,214.0
2009-12-05,216.0
2009-12-06,224.0
2009-12-07,235.0
2009-12-08,198.0
2009-12-09,236.0
2009-12-10,263.0
2009-12-11,213.0
2009-12-12,208.0
2009-12-13,168.0
2009-12-14,272.0
2009-12-15,238.0
2009-12-16,246.0
2009-12-17,245.0
2009-12-18,202.0
2009-12-19,206.0
2009-12-20,197.0
2009-12-21,255.0
2009-12-22,181.0
2009-12-23,240.0
2009-12-24,173.0
2009-12-25,245.0
2009-12-26,224.0
2009-12-27,214.0
2009-12-28,188.0
2009-12-29,252.0
2009-12-30,228.0
2009-12-31,173.0
2010-01-01,200.0
2010-01-02,227.0
2010-01-03,161.0
2010-01-04,223.0
2010-01-05,191.0
2010-01-06,195.0
2010-01-07,232.0
2010-01-08,252.0
2010-01-09,152.0
2010-01-10,144.0
2010-01-11,184.0
2010-01-12,202.0
2010-01-13,236.0
2010-01-14,171.0
2010-01-15,196.0
2010-01-16,146.0
2010-01-17,132.0
2010-01-18,244.0
2010-01-19,252.0
2010-01-20,197.0
2010-01-21,198.0
2010-01-22,223.0
2010-01-23,159.0
2010-01-24,209.0
2010-01-25,214.0
2010-01-26,254.0
2010-01-27,262.0
2010-01-28,247.0
2010-01-29,212.0
2010-01-30,223.0
2010-01-31,141.0
2010-02-01,208.0
2010-02-02,194.0
2010-02-03,188.0
2010-02-04,208.0
2010-02-05,218.0
2010-02-06,173.0
2010-02-07,203.0
2010-02-08,207.0
2010-02-09,317.0
2010-02-10,220.0
2010-02-11,220.0
2010-02-12,206.0
2010-02-13,200.0
2010-02-14,174.0
2010-02-15,231.0
2010-02-16,239.0
2010-02-17,185.0
2010-02-18,183.0
2010-02-19,263.0
2010-02-20,90.0
2010-02-21,160.0
2010-02-22,243.0
2010-02-23,260.0
2010-02-24,246.0
2010-02-25,206.0
2010-02-26,238.0
2010-02-27,207.0
2010-02-28,175.0
2010-03-01,260.0
2010-03-02,267.0
2010-03-03,239.0
2010-03-04,221.0
2010-03-05,213.0
2010-03-06,211.0
2010-03-07,191.0
2010-03-08,255.0
2010-03-09,263.0
2010-03-10,258.0
2010-03-11,253.0
2010-03-12,259.0
2010-03-13,198.0
2010-03-14,181.0
2010-03-15,172.0
2010-03-16,282.0
2010-03-17,237.0
2010-03-18,247.0
2010-03-19,246.0
2010-03-20,205.0
2010-03-21,196.0
2010-03-22,277.0
2010-03-23,251.0
2010-03-24,263.0
2010-03-25,208.0
2010-03-26,258.0
2010-03-27,221.0
2010-03-28,209.0
2010-03-29,248.0
2010-03-30,231.0
2010-03-31,205.0
2010-04-01,223.0
2010-04-02,160.0
2010-04-03,237.0
2010-04-04,216.0
2010-04-05,258.0
2010-04-06,297.0
2010-04-07,276.0
2010-04-08,277.0
2010-04-09,266.0
2010-04-10,231.0
2010-04-11,234.0
2010-04-12,329.0
2010-04-13,326.0
2010-04-14,286.0
2010-04-15,312.0
2010-04-16,280.0
2010-04-17,277.0
2010-04-18,235.0
2010-04-19,274.0
2010-04-20,283.0
2010-04-21,240.0
2010-04-22,273.0
2010-04-23,265.0
2010-04-24,213.0
2010-04-25,227.0
2010-04-26,217.0
2010-04-27,283.0
2010-04-28,248.0
2010-04-29,290.0
2010-04-30,246.0
2010-05-01,219.0
2010-05-02,167.0
2010-05-03,277.0
2010-05-04,321.0
2010-05-05,247.0
2010-05-06,318.0
2010-05-07,250.0
2010-05-08,211.0
2010-05-09,219.0
2010-05-10,183.0
2010-05-11,274.0
2010-05-12,310.0
2010-05-13,255.0
2010-05-14,278.0
2010-05-15,219.0
2010-05-16,178.0
2010-05-17,298.0
2010-05-18,302.0
2010-05-19,248.0
2010-05-20,289.0
2010-05-21,294.0
2010-05-22,270.0
2010-05-23,205.0
2010-05-24,292.0
2010-05-25,293.0
2010-05-26,256.0
2010-05-27,299.0
2010-05-28,323.0
2010-05-29,172.0
2010-05-30,160.0
2010-05-31,272.0
2010-06-01,352.0
2010-06-02,252.0
2010-06-03,325.0
2010-06-04,307.0
2010-06-05,261.0
2010-06-06,202.0
2010-06-07,331.0
2010-06-08,280.0
2010-06-09,282.0
2010-06-10,269.0
2010-06-11,245.0
2010-06-12,251.0
2010-06-13,203.0
2010-06-14,321.0
2010-06-15,336.0
2010-06-16,267.0
2010-06-17,302.0
2010-06-18,282.0
2010-06-19,242.0
2010-06-20,144.0
2010-06-21,317.0
2010-06-22,289.0
2010-06-23,305.0
2010-06-24,289.0
2010-06-25,311.0
2010-06-26,193.0
2010-06-27,89.0
2010-06-28,332.0
2010-06-29,283.0
2010-06-30,310.0
2010-07-01,218.0
2010-07-02,280.0
2010-07-03,214.0
2010-07-04,133.0
2010-07-05,236.0
2010-07-06,290.0
2010-07-07,257.0
2010-07-08,285.0
2010-07-09,326.0
2010-07-10,207.0
2010-07-11,188.0
2010-07-12,336.0
2010-07-13,302.0
2010-07-14,304.0
2010-07-15,272.0
2010-07-16,265.0
2010-07-17,260.0
2010-07-18,221.0
2010-07-19,331.0
2010-07-20,248.0
2010-07-21,270.0
2010-07-22,234.0
2010-07-23,210.0
2010-07-24,216.0
2010-07-25,216.0
2010-07-26,274.0
2010-07-27,259.0
2010-07-28,279.0
2010-07-29,257.0
2010-07-30,277.0
2010-07-31,269.0
2010-08-01,218.0
2010-08-02,307.0
2010-08-03,293.0
2010-08-04,220.0
2010-08-05,187.0
2010-08-06,163.0
2010-08-07,221.0
2010-08-08,143.0
2010-08-09,207.0
2010-08-10,196.0
2010-08-11,235.0
2010-08-12,280.0
2010-08-13,258.0
2010-08-14,217.0
2010-08-15,196.0
2010-08-16,200.0
2010-08-17,167.0
2010-08-18,192.0
2010-08-19,174.0
2010-08-20,165.0
2010-08-21,203.0
2010-08-22,109.0
2010-08-23,171.0
2010-08-24,176.0
2010-08-25,180.0
2010-08-26,293.0
2010-08-27,257.0
2010-08-28,183.0
2010-08-29,262.0
2010-08-30,298.0
2010-08-31,275.0
2010-09-01,316.0
2010-09-02,296.0
2010-09-03,324.0
2010-09-04,197.0
2010-09-05,241.0
2010-09-06,298.0
2010-09-07,273.0
2010-09-08,261.0
2010-09-09,270.0
2010-09-10,281.0
2010-09-11,186.0
2010-09-12,140.0
2010-09-13,317.0
2010-09-14,260.0
2010-09-15,179.0
2010-09-16,254.0
2010-09-17,275.0
2010-09-18,140.0
2010-09-19,197.0
2010-09-20,286.0
2010-09-21,348.0
2010-09-22,145.0
2010-09-23,330.0
2010-09-24,289.0
2010-09-25,170.0
2010-09-26,104.0
2010-09-27,135.0
2010-09-28,115.0
2010-09-29,111.0
2010-09-30,105.0
2010-10-01,98.0
2010-10-02,16.0
2010-10-03,66.0
2010-10-04,137.0
2010-10-05,112.0
2010-10-06,116.0
2010-10-07,92.0
2010-10-08,101.0
2010-10-09,54.0
2010-10-10,96.0
2010-10-11,115.0
2010-10-12,64.0
2010-10-13,92.0
2010-10-14,81.0
2010-10-15,106.0
2010-10-16,35.0
2010-10-17,97.0
2010-10-18,98.0
2010-10-19,100.0
2010-10-20,76.0
2010-10-21,78.0
2010-10-22,34.0
2010-10-23,37.0
2010-10-24,31.0
2010-10-25,5086.0
2010-10-26,221.0
2010-10-27,244.0
2010-10-28,219.0
2010-10-29,215.0
2010-10-30,216.0
2010-10-31,179.0
2010-11-01,243.0
2010-11-02,198.0
2010-11-03,224.0
2010-11-04,244.0
2010-11-05,203.0
2010-11-06,88.0
2010-11-07,14.0
2010-11-08,250.0
2010-11-09,209.0
2010-11-10,172.0
2010-11-11,267.0
2010-11-12,254.0
2010-11-13,311.0
2010-11-14,145.0
2010-11-15,342.0
2010-11-16,359.0
2010-11-17,330.0
2010-11-18,247.0
2010-11-19,306.0
2010-11-20,275.0
2010-11-21,247.0
2010-11-22,342.0
2010-11-23,371.0
2010-11-24,247.0
2010-11-25,278.0
2010-11-26,287.0
2010-11-27,292.0
2010-11-28,160.0
2010-11-29,241.0
2010-11-30,326.0
2010-12-01,306.0
2010-12-02,257.0
2010-12-03,236.0
2010-12-04,227.0
2010-12-05,197.0
2010-12-06,278.0
2010-12-07,246.0
2010-12-08,239.0
2010-12-09,271.0
2010-12-10,254.0
2010-12-11,142.0
2010-12-12,167.0
2010-12-13,311.0
2010-12-14,294.0
2010-12-15,267.0
2010-12-16,303.0
2010-12-17,223.0
2010-12-18,195.0
2010-12-19,187.0
2010-12-20,252.0
2010-12-21,299.0
2010-12-22,239.0
2010-12-23,279.0
2010-12-24,149.0
2010-12-25,207.0
2010-12-26,171.0
2010-12-27,303.0
2010-12-28,344.0
2010-12-29,251.0
2010-12-30,334.0
2010-12-31,171.0
2011-01-01,224.0
2011-01-02,150.0
2011-01-03,263.0
2011-01-04,251.0
2011-01-05,157.0
2011-01-06,281.0
2011-01-07,231.0
2011-01-08,219.0
2011-01-09,112.0
2011-01-10,271.0
2011-01-11,265.0
2011-01-12,229.0
2011-01-13,247.0
2011-01-14,244.0
2011-01-15,170.0
2011-01-16,123.0
2011-01-17,253.0
2011-01-18,163.0
2011-01-19,237.0
2011-01-20,254.0
2011-01-21,236.0
2011-01-22,190.0
2011-01-23,190.0
2011-01-24,280.0
2011-01-25,248.0
2011-01-26,287.0
2011-01-27,230.0
2011-01-28,278.0
2011-01-29,267.0
2011-01-30,180.0
2011-01-31,275.0
2011-02-01,356.0
2011-02-02,214.0
2011-02-03,249.0
2011-02-04,272.0
2011-02-05,249.0
2011-02-06,179.0
2011-02-07,255.0
2011-02-08,347.0
2011-02-09,239.0
2011-02-10,310.0
2011-02-11,230.0
2011-02-12,260.0
2011-02-13,213.0
2011-02-14,298.0
2011-02-15,304.0
2011-02-16,266.0
2011-02-17,291.0
2011-02-18,274.0
2011-02-19,294.0
2011-02-20,241.0
2011-02-21,327.0
2011-02-22,305.0
2011-02-23,266.0
2011-02-24,296.0
2011-02-25,273.0
2011-02-26,317.0
2011-02-27,249.0
2011-02-28,318.0
2011-03-01,316.0
2011-03-02,277.0
2011-03-03,297.0
2011-03-04,300.0
2011-03-05,271.0
2011-03-06,258.0
2011-03-07,309.0
2011-03-08,307.0
2011-03-09,292.0
2011-03-10,311.0
2011-03-11,287.0
2011-03-12,278.0
2011-03-13,181.0
2011-03-14,372.0
2011-03-15,295.0
2011-03-16,300.0
2011-03-17,357.0
2011-03-18,212.0
2011-03-19,267.0
2011-03-20,207.0
2011-03-21,204.0
2011-03-22,310.0
2011-03-23,339.0
2011-03-24,327.0
2011-03-25,249.0
2011-03-26,252.0
2011-03-27,230.0
2011-03-28,292.0
2011-03-29,311.0
2011-03-30,273.0
2011-03-31,336.0
2011-04-01,285.0
2011-04-02,241.0
2011-04-03,239.0
2011-04-04,291.0
2011-04-05,316.0
2011-04-06,299.0
2011-04-07,290.0
2011-04-08,296.0
2011-04-09,269.0
2011-04-10,232.0
2011-04-11,362.0
2011-04-12,306.0
2011-04-13,248.0
2011-04-14,251.0
2011-04-15,239.0
2011-04-16,243.0
2011-04-17,165.0
2011-04-18,365.0
2011-04-19,333.0
2011-04-20,227.0
2011-04-21,307.0
2011-04-22,160.0
2011-04-23,222.0
2011-04-24,152.0
2011-04-25,251.0
2011-04-26,302.0
2011-04-27,241.0
2011-04-28,323.0
2011-04-29,261.0
2011-04-30,179.0
2011-05-01,224.0
2011-05-02,353.0
2011-05-03,279.0
2011-05-04,318.0
2011-05-05,313.0
2011-05-06,327.0
2011-05-07,268.0
2011-05-08,229.0
2011-05-09,355.0
2011-05-10,233.0
2011-05-11,275.0
2011-05-12,281.0
2011-05-13,282.0
2011-05-14,233.0
2011-05-15,182.0
2011-05-16,335.0
2011-05-17,281.0
2011-05-18,305.0
2011-05-19,408.0
2011-05-20,309.0
2011-05-21,235.0
2011-05-22,233.0
2011-05-23,392.0
2011-05-24,365.0
2011-05-25,390.0
2011-05-26,356.0
2011-05-27,323.0
2011-05-28,280.0
2011-05-29,262.0
2011-05-30,367.0
2011-05-31,364.0
2011-06-01,319.0
2011-06-02,383.0
2011-06-03,337.0
2011-06-04,246.0
2011-06-05,246.0
2011-06-06,363.0
2011-06-07,326.0
2011-06-08,318.0
2011-06-09,370.0
2011-06-10,318.0
2011-06-11,268.0
2011-06-12,318.0
2011-06-13,371.0
2011-06-14,347.0
2011-06-15,339.0
2011-06-16,336.0
2011-06-17,256.0
2011-06-18,213.0
2011-06-19,245.0
2011-06-20,357.0
2011-06-21,354.0
2011-06-22,298.0
2011-06-23,299.0
2011-06-24,196.0
2011-06-25,186.0
2011-06-26,130.0
2011-06-27,368.0
2011-06-28,361.0
2011-06-29,259.0
2011-06-30,234.0
2011-07-01,323.0
2011-07-02,200.0
2011-07-03,202.0
2011-07-04,366.0
2011-07-05,293.0
2011-07-06,332.0
2011-07-07,329.0
2011-07-08,287.0
2011-07-09,242.0
2011-07-10,256.0
2011-07-11,365.0
2011-07-12,285.0
2011-07-13,304.0
2011-07-14,269.0
2011-07-15,246.0
2011-07-16,257.0
2011-07-17,266.0
2011-07-18,315.0
2011-07-19,298.0
2011-07-20,205.0
2011-07-21,261.0
2011-07-22,254.0
2011-07-23,229.0
2011-07-24,205.0
2011-07-25,270.0
2011-07-26,134.0
2011-07-27,197.0
2011-07-28,197.0
2011-07-29,267.0
2011-07-30,132.0
2011-07-31,207.0
2011-08-01,276.0
2011-08-02,268.0
2011-08-03,275.0
2011-08-04,264.0
2011-08-05,265.0
2011-08-06,230.0
2011-08-07,195.0
2011-08-08,260.0
2011-08-09,274.0
2011-08-10,315.0
2011-08-11,299.0
2011-08-12,259.0
2011-08-13,269.0
2011-08-14,230.0
2011-08-15,369.0
2011-08-16,315.0
2011-08-17,263.0
2011-08-18,316.0
2011-08-19,237.0
2011-08-20,262.0
2011-08-21,225.0
2011-08-22,275.0
2011-08-23,309.0
2011-08-24,254.0
2011-08-25,275.0
2011-08-26,248.0
2011-08-27,216.0
2011-08-28,208.0
2011-08-29,439.0
2011-08-30,327.0
2011-08-31,280.0
2011-09-01,354.0
2011-09-02,281.0
2011-09-03,269.0
2011-09-04,194.0
2011-09-05,337.0
2011-09-06,300.0
2011-09-07,311.0
2011-09-08,295.0
2011-09-09,285.0
2011-09-10,260.0
2011-09-11,208.0
2011-09-12,329.0
2011-09-13,331.0
2011-09-14,300.0
2011-09-15,304.0
2011-09-16,269.0
2011-09-17,245.0
2011-09-18,257.0
2011-09-19,370.0
2011-09-20,329.0
2011-09-21,307.0
2011-09-22,275.0
2011-09-23,294.0
2011-09-24,248.0
2011-09-25,254.0
2011-09-26,335.0
2011-09-27,371.0
2011-09-28,301.0
2011-09-29,309.0
2011-09-30,275.0
2011-10-01,238.0
2011-10-02,229.0
2011-10-03,315.0
2011-10-04,303.0
2011-10-05,253.0
2011-10-06,298.0
2011-10-07,257.0
2011-10-08,251.0
2011-10-09,229.0
2011-10-10,371.0
2011-10-11,319.0
2011-10-12,283.0
2011-10-13,341.0
2011-10-14,343.0
2011-10-15,264.0
2011-10-16,246.0
2011-10-17,386.0
2011-10-18,350.0
2011-10-19,345.0
2011-10-20,360.0
2011-10-21,315.0
2011-10-22,255.0
2011-10-23,249.0
2011-10-24,373.0
2011-10-25,310.0
2011-10-26,317.0
2011-10-27,375.0
2011-10-28,225.0
2011-10-29,296.0
2011-10-30,258.0
2011-10-31,358.0
2011-11-01,277.0
2011-11-02,244.0
2011-11-03,465.0
2011-11-04,267.0
2011-11-05,233.0
2011-11-06,284.0
2011-11-07,353.0
2011-11-08,407.0
2011-11-09,327.0
2011-11-10,392.0
2011-11-11,306.0
2011-11-12,265.0
2011-11-13,263.0
2011-11-14,338.0
2011-11-15,339.0
2011-11-16,354.0
2011-11-17,303.0
2011-11-18,310.0
2011-11-19,245.0
2011-11-20,257.0
2011-11-21,246.0
2011-11-22,422.0
2011-11-23,297.0
2011-11-24,348.0
2011-11-25,296.0
2011-11-26,299.0
2011-11-27,245.0
2011-11-28,333.0
2011-11-29,340.0
2011-11-30,324.0
2011-12-01,334.0
2011-12-02,288.0
2011-12-03,307.0
2011-12-04,192.0
2011-12-05,329.0
2011-12-06,361.0
2011-12-07,309.0
2011-12-08,374.0
2011-12-09,264.0
2011-12-10,235.0
2011-12-11,275.0
2011-12-12,259.0
2011-12-13,372.0
2011-12-14,306.0
2011-12-15,346.0
2011-12-16,233.0
2011-12-17,280.0
2011-12-18,291.0
2011-12-19,252.0
2011-12-20,338.0
2011-12-21,272.0
2011-12-22,285.0
2011-12-23,196.0
2011-12-24,178.0
2011-12-25,217.0
2011-12-26,318.0
2011-12-27,400.0
2011-12-28,204.0
2011-12-29,268.0
2011-12-30,205.0
2011-12-31,209.0
2012-01-01,262.0
2012-01-02,307.0
2012-01-03,382.0
2012-01-04,311.0
2012-01-05,277.0
2012-01-06,252.0
2012-01-07,229.0
2012-01-08,291.0
2012-01-09,369.0
2012-01-10,393.0
2012-01-11,268.0
2012-01-12,327.0
2012-01-13,288.0
2012-01-14,274.0
2012-01-15,273.0
2012-01-16,382.0
2012-01-17,351.0
2012-01-18,368.0
2012-01-19,349.0
2012-01-20,345.0
2012-01-21,329.0
2012-01-22,270.0
2012-01-23,466.0
2012-01-24,340.0
2012-01-25,336.0
2012-01-26,373.0
2012-01-27,309.0
2012-01-28,290.0
2012-01-29,268.0
2012-01-30,409.0
2012-01-31,321.0
2012-02-01,325.0
2012-02-02,363.0
2012-02-03,305.0
2012-02-04,309.0
2012-02-05,304.0
2012-02-06,337.0
2012-02-07,328.0
2012-02-08,307.0
2012-02-09,320.0
2012-02-10,268.0
2012-02-11,212.0
2012-02-12,203.0
2012-02-13,297.0
2012-02-14,297.0
2012-02-15,282.0
2012-02-16,313.0
2012-02-17,239.0
2012-02-18,229.0
2012-02-19,326.0
2012-02-20,345.0
2012-02-21,322.0
2012-02-22,278.0
2012-02-23,328.0
2012-02-24,324.0
2012-02-25,286.0
2012-02-26,249.0
2012-02-27,395.0
2012-02-28,365.0
2012-02-29,283.0
2012-03-01,351.0
2012-03-02,282.0
2012-03-03,248.0
2012-03-04,254.0
2012-03-05,341.0
2012-03-06,337.0
2012-03-07,300.0
2012-03-08,366.0
2012-03-09,317.0
2012-03-10,264.0
2012-03-11,248.0
2012-03-12,369.0
2012-03-13,340.0
2012-03-14,369.0
2012-03-15,343.0
2012-03-16,350.0
2012-03-17,235.0
2012-03-18,281.0
2012-03-19,272.0
2012-03-20,342.0
2012-03-21,305.0
2012-03-22,294.0
2012-03-23,255.0
2012-03-24,254.0
2012-03-25,254.0
2012-03-26,329.0
2012-03-27,412.0
2012-03-28,277.0
2012-03-29,360.0
2012-03-30,273.0
2012-03-31,255.0
2012-04-01,267.0
2012-04-02,350.0
2012-04-03,339.0
2012-04-04,277.0
2012-04-05,341.0
2012-04-06,276.0
2012-04-07,338.0
2012-04-08,238.0
2012-04-09,335.0
2012-04-10,377.0
2012-04-11,346.0
2012-04-12,377.0
2012-04-13,258.0
2012-04-14,313.0
2012-04-15,261.0
2012-04-16,296.0
2012-04-17,355.0
2012-04-18,356.0
2012-04-19,367.0
2012-04-20,302.0
2012-04-21,267.0
2012-04-22,283.0
2012-04-23,264.0
2012-04-24,388.0
2012-04-25,314.0
2012-04-26,338.0
2012-04-27,279.0
2012-04-28,338.0
2012-04-29,204.0
2012-04-30,441.0
2012-05-01,385.0
2012-05-02,346.0
2012-05-03,448.0
2012-05-04,353.0
2012-05-05,318.0
2012-05-06,254.0
2012-05-07,419.0
2012-05-08,394.0
2012-05-09,327.0
2012-05-10,296.0
2012-05-11,378.0
2012-05-12,232.0
2012-05-13,305.0
2012-05-14,365.0
2012-05-15,360.0
2012-05-16,293.0
2012-05-17,345.0
2012-05-18,279.0
2012-05-19,254.0
2012-05-20,275.0
2012-05-21,360.0
2012-05-22,367.0
2012-05-23,331.0
2012-05-24,326.0
2012-05-25,234.0
2012-05-26,236.0
2012-05-27,170.0
2012-05-28,351.0
2012-05-29,373.0
2012-05-30,357.0
2012-05-31,423.0
2012-06-01,376.0
2012-06-02,275.0
2012-06-03,255.0
2012-06-04,376.0
2012-06-05,444.0
2012-06-06,368.0
2012-06-07,412.0
2012-06-08,385.0
2012-06-09,287.0
2012-06-10,236.0
2012-06-11,468.0
2012-06-12,359.0
2012-06-13,331.0
2012-06-14,397.0
2012-06-15,376.0
2012-06-16,307.0
2012-06-17,251.0
2012-06-18,350.0
2012-06-19,351.0
2012-06-20,332.0
2012-06-21,377.0
2012-06-22,342.0
2012-06-23,249.0
2012-06-24,216.0
2012-06-25,357.0
2012-06-26,309.0
2012-06-27,330.0
2012-06-28,386.0
2012-06-29,334.0
2012-06-30,197.0
2012-07-01,187.0
2012-07-02,354.0
2012-07-03,393.0
2012-07-04,335.0
2012-07-05,340.0
2012-07-06,311.0
2012-07-07,314.0
2012-07-08,282.0
2012-07-09,477.0
2012-07-10,422.0
2012-07-11,341.0
2012-07-12,378.0
2012-07-13,330.0
2012-07-14,254.0
2012-07-15,177.0
2012-07-16,367.0
2012-07-17,382.0
2012-07-18,272.0
2012-07-19,373.0
2012-07-20,335.0
2012-07-21,279.0
2012-07-22,262.0
2012-07-23,414.0
2012-07-24,286.0
2012-07-25,333.0
2012-07-26,340.0
2012-07-27,285.0
2012-07-28,278.0
2012-07-29,217.0
2012-07-30,312.0
2012-07-31,308.0
2012-08-01,378.0
2012-08-02,388.0
2012-08-03,322.0
2012-08-04,298.0
2012-08-05,211.0
2012-08-06,344.0
2012-08-07,420.0
2012-08-08,362.0
2012-08-09,400.0
2012-08-10,370.0
2012-08-11,287.0
2012-08-12,258.0
2012-08-13,382.0
2012-08-14,375.0
2012-08-15,307.0
2012-08-16,376.0
2012-08-17,325.0
2012-08-18,269.0
2012-08-19,231.0
2012-08-20,298.0
2012-08-21,316.0
2012-08-22,314.0
2012-08-23,407.0
2012-08-24,280.0
2012-08-25,315.0
2012-08-26,255.0
2012-08-27,398.0
2012-08-28,426.0
2012-08-29,363.0
2012-08-30,388.0
2012-08-31,271.0
2012-09-01,234.0
2012-09-02,228.0
2012-09-03,253.0
2012-09-04,355.0
2012-09-05,353.0
2012-09-06,364.0
2012-09-07,380.0
2012-09-08,289.0
2012-09-09,261.0
2012-09-10,355.0
2012-09-11,394.0
2012-09-12,325.0
2012-09-13,322.0
2012-09-14,325.0
2012-09-15,297.0
2012-09-16,178.0
2012-09-17,349.0
2012-09-18,303.0
2012-09-19,343.0
2012-09-20,389.0
2012-09-21,251.0
2012-09-22,305.0
2012-09-23,250.0
2012-09-24,287.0
2012-09-25,400.0
2012-09-26,256.0
2012-09-27,366.0
2012-09-28,246.0
2012-09-29,245.0
2012-09-30,229.0
2012-10-01,353.0
2012-10-02,395.0
2012-10-03,340.0
2012-10-04,421.0
2012-10-05,292.0
2012-10-06,283.0
2012-10-07,244.0
2012-10-08,324.0
2012-10-09,437.0
2012-10-10,352.0
2012-10-11,371.0
2012-10-12,323.0
2012-10-13,306.0
2012-10-14,250.0
2012-10-15,441.0
2012-10-16,406.0
2012-10-17,317.0
2012-10-18,399.0
2012-10-19,304.0
2012-10-20,306.0
2012-10-21,288.0
2012-10-22,293.0
2012-10-23,352.0
2012-10-24,327.0
2012-10-25,275.0
2012-10-26,369.0
2012-10-27,269.0
2012-10-28,299.0
2012-10-29,353.0
2012-10-30,352.0
2012-10-31,357.0
2012-11-01,368.0
2012-11-02,327.0
2012-11-03,343.0
2012-11-04,224.0
2012-11-05,389.0
2012-11-06,373.0
2012-11-07,341.0
2012-11-08,357.0
2012-11-09,305.0
2012-11-10,349.0
2012-11-11,367.0
2012-11-12,429.0
2012-11-13,388.0
2012-11-14,301.0
2012-11-15,368.0
2012-11-16,405.0
2012-11-17,306.0
2012-11-18,238.0
2012-11-19,365.0
2012-11-20,397.0
2012-11-21,297.0
2012-11-22,351.0
2012-11-23,340.0
2012-11-24,299.0
2012-11-25,249.0
2012-11-26,362.0
2012-11-27,478.0
2012-11-28,367.0
2012-11-29,409.0
2012-11-30,350.0
2012-12-01,306.0
2012-12-02,339.0
2012-12-03,425.0
2012-12-04,400.0
2012-12-05,351.0
2012-12-06,421.0
2012-12-07,299.0
2012-12-08,242.0
2012-12-09,290.0
2012-12-10,352.0
2012-12-11,354.0
2012-12-12,304.0
2012-12-13,313.0
2012-12-14,319.0
2012-12-15,263.0
2012-12-16,194.0
2012-12-17,370.0
2012-12-18,370.0
2012-12-19,330.0
2012-12-20,324.0
2012-12-21,193.0
2012-12-22,176.0
2012-12-23,184.0
2012-12-24,153.0
2012-12-25,257.0
2012-12-26,334.0
2012-12-27,366.0
2012-12-28,315.0
2012-12-29,299.0
2012-12-30,239.0
2012-12-31,219.0
2013-01-01,220.0
2013-01-02,280.0
2013-01-03,328.0
2013-01-04,332.0
2013-01-05,191.0
2013-01-06,242.0
2013-01-07,417.0
2013-01-08,331.0
2013-01-09,334.0
2013-01-10,407.0
2013-01-11,312.0
2013-01-12,289.0
2013-01-13,257.0
2013-01-14,418.0
2013-01-15,374.0
2013-01-16,353.0
2013-01-17,325.0
2013-01-18,313.0
2013-01-19,320.0
2013-01-20,225.0
2013-01-21,396.0
2013-01-22,373.0
2013-01-23,340.0
2013-01-24,322.0
2013-01-25,322.0
2013-01-26,352.0
2013-01-27,268.0
2013-01-28,403.0
2013-01-29,473.0
2013-01-30,407.0
2013-01-31,416.0
2013-02-01,359.0
2013-02-02,319.0
2013-02-03,296.0
2013-02-04,360.0
2013-02-05,446.0
2013-02-06,382.0
2013-02-07,471.0
2013-02-08,341.0
2013-02-09,321.0
2013-02-10,362.0
2013-02-11,456.0
2013-02-12,415.0
2013-02-13,430.0
2013-02-14,384.0
2013-02-15,374.0
2013-02-16,404.0
2013-02-17,322.0
2013-02-18,448.0
2013-02-19,446.0
2013-02-20,423.0
2013-02-21,440.0
2013-02-22,402.0
2013-02-23,340.0
2013-02-24,257.0
2013-02-25,477.0
2013-02-26,502.0
2013-02-27,466.0
2013-02-28,410.0
2013-03-01,432.0
2013-03-02,315.0
2013-03-03,355.0
2013-03-04,522.0
2013-03-05,418.0
2013-03-06,428.0
2013-03-07,498.0
2013-03-08,385.0
2013-03-09,310.0
2013-03-10,309.0
2013-03-11,376.0
2013-03-12,401.0
2013-03-13,364.0
2013-03-14,363.0
2013-03-15,335.0
2013-03-16,284.0
2013-03-17,276.0
2013-03-18,354.0
2013-03-19,457.0
2013-03-20,357.0
2013-03-21,295.0
2013-03-22,395.0
2013-03-23,286.0
2013-03-24,253.0
2013-03-25,357.0
2013-03-26,419.0
2013-03-27,354.0
2013-03-28,265.0
2013-03-29,342.0
2013-03-30,294.0
2013-03-31,365.0
2013-04-01,396.0
2013-04-02,336.0
2013-04-03,367.0
2013-04-04,364.0
2013-04-05,315.0
2013-04-06,282.0
2013-04-07,278.0
2013-04-08,493.0
2013-04-09,459.0
2013-04-10,434.0
2013-04-11,356.0
2013-04-12,319.0
2013-04-13,242.0
2013-04-14,298.0
2013-04-15,425.0
2013-04-16,410.0
2013-04-17,374.0
2013-04-18,413.0
2013-04-19,287.0
2013-04-20,255.0
2013-04-21,266.0
2013-04-22,334.0
2013-04-23,331.0
2013-04-24,308.0
2013-04-25,431.0
2013-04-26,472.0
2013-04-27,320.0
2013-04-28,261.0
2013-04-29,415.0
2013-04-30,373.0
2013-05-01,356.0
2013-05-02,461.0
2013-05-03,415.0
2013-05-04,274.0
2013-05-05,277.0
2013-05-06,472.0
2013-05-07,364.0
2013-05-08,338.0
2013-05-09,353.0
2013-05-10,293.0
2013-05-11,281.0
2013-05-12,270.0
2013-05-13,481.0
2013-05-14,399.0
2013-05-15,364.0
2013-05-16,470.0
2013-05-17,359.0
2013-05-18,305.0
2013-05-19,285.0
2013-05-20,432.0
2013-05-21,422.0
2013-05-22,443.0
2013-05-23,429.0
2013-05-24,455.0
2013-05-25,329.0
2013-05-26,365.0
2013-05-27,457.0
2013-05-28,422.0
2013-05-29,370.0
2013-05-30,404.0
2013-05-31,341.0
2013-06-01,271.0
2013-06-02,354.0
2013-06-03,485.0
2013-06-04,391.0
2013-06-05,335.0
2013-06-06,411.0
2013-06-07,330.0
2013-06-08,299.0
2013-06-09,318.0
2013-06-10,363.0
2013-06-11,405.0
2013-06-12,276.0
2013-06-13,325.0
2013-06-14,260.0
2013-06-15,271.0
2013-06-16,304.0
2013-06-17,453.0
2013-06-18,398.0
2013-06-19,381.0
2013-06-20,316.0
2013-06-21,355.0
2013-06-22,249.0
2013-06-23,347.0
2013-06-24,327.0
2013-06-25,338.0
2013-06-26,368.0
2013-06-27,343.0
2013-06-28,326.0
2013-06-29,300.0
2013-06-30,437.0
2013-07-01,405.0
2013-07-02,365.0
2013-07-03,328.0
2013-07-04,350.0
2013-07-05,262.0
2013-07-06,252.0
2013-07-07,280.0
2013-07-08,387.0
2013-07-09,396.0
2013-07-10,285.0
2013-07-11,364.0
2013-07-12,348.0
2013-07-13,365.0
2013-07-14,177.0
2013-07-15,394.0
2013-07-16,406.0
2013-07-17,304.0
2013-07-18,332.0
2013-07-19,282.0
2013-07-20,285.0
2013-07-21,251.0
2013-07-22,265.0
2013-07-23,238.0
2013-07-24,216.0
2013-07-25,296.0
2013-07-26,316.0
2013-07-27,259.0
2013-07-28,202.0
2013-07-29,374.0
2013-07-30,324.0
2013-07-31,263.0
2013-08-01,321.0
2013-08-02,264.0
2013-08-03,344.0
2013-08-04,274.0
2013-08-05,457.0
2013-08-06,317.0
2013-08-07,408.0
2013-08-08,393.0
2013-08-09,331.0
2013-08-10,261.0
2013-08-11,244.0
2013-08-12,405.0
2013-08-13,344.0
2013-08-14,354.0
2013-08-15,348.0
2013-08-16,354.0
2013-08-17,284.0
2013-08-18,253.0
2013-08-19,371.0
2013-08-20,367.0
2013-08-21,323.0
2013-08-22,384.0
2013-08-23,324.0
2013-08-24,252.0
2013-08-25,318.0
2013-08-26,375.0
2013-08-27,373.0
2013-08-28,335.0
2013-08-29,387.0
2013-08-30,349.0
2013-08-31,291.0
2013-09-01,311.0
2013-09-02,380.0
2013-09-03,348.0
2013-09-04,328.0
2013-09-05,377.0
2013-09-06,354.0
2013-09-07,240.0
2013-09-08,268.0
2013-09-09,440.0
2013-09-10,341.0
2013-09-11,322.0
2013-09-12,372.0
2013-09-13,408.0
2013-09-14,257.0
2013-09-15,281.0
2013-09-16,334.0
2013-09-17,435.0
2013-09-18,412.0
2013-09-19,425.0
2013-09-20,465.0
2013-09-21,297.0
2013-09-22,253.0
2013-09-23,563.0
2013-09-24,415.0
2013-09-25,482.0
2013-09-26,389.0
2013-09-27,385.0
2013-09-28,286.0
2013-09-29,339.0
2013-09-30,518.0
2013-10-01,317.0
2013-10-02,377.0
2013-10-03,360.0
2013-10-04,368.0
2013-10-05,373.0
2013-10-06,336.0
2013-10-07,498.0
2013-10-08,367.0
2013-10-09,374.0
2013-10-10,372.0
2013-10-11,363.0
2013-10-12,304.0
2013-10-13,336.0
2013-10-14,422.0
2013-10-15,390.0
2013-10-16,390.0
2013-10-17,410.0
2013-10-18,389.0
2013-10-19,302.0
2013-10-20,317.0
2013-10-21,423.0
2013-10-22,367.0
2013-10-23,261.0
2013-10-24,337.0
2013-10-25,268.0
2013-10-26,333.0
2013-10-27,289.0
2013-10-28,236.0
2013-10-29,270.0
2013-10-30,252.0
2013-10-31,278.0
2013-11-01,289.0
2013-11-02,266.0
2013-11-03,386.0
2013-11-04,364.0
2013-11-05,253.0
2013-11-06,368.0
2013-11-07,362.0
2013-11-08,380.0
2013-11-09,404.0
2013-11-10,264.0
2013-11-11,421.0
2013-11-12,438.0
2013-11-13,387.0
2013-11-14,318.0
2013-11-15,346.0
2013-11-16,258.0
2013-11-17,317.0
2013-11-18,339.0
2013-11-19,283.0
2013-11-20,287.0
2013-11-21,469.0
2013-11-22,382.0
2013-11-23,291.0
2013-11-24,241.0
2013-11-25,403.0
2013-11-26,330.0
2013-11-27,272.0
2013-11-28,316.0
2013-11-29,407.0
2013-11-30,432.0
2013-12-01,522.0
2013-12-02,336.0
2013-12-03,330.0
2013-12-04,390.0
2013-12-05,379.0
2013-12-06,333.0
2013-12-07,228.0
2013-12-08,304.0
2013-12-09,349.0
2013-12-10,345.0
2013-12-11,429.0
2013-12-12,322.0
2013-12-13,368.0
2013-12-14,477.0
2013-12-15,429.0
2013-12-16,445.0
2013-12-17,441.0
2013-12-18,562.0
2013-12-19,442.0
2013-12-20,548.0
2013-12-21,194.0
2013-12-22,243.0
2013-12-23,200.0
2013-12-24,219.0
2013-12-25,280.0
2013-12-26,302.0
2013-12-27,220.0
2013-12-28,217.0
2013-12-29,206.0
2013-12-30,243.0
2013-12-31,165.0
2014-01-01,240.0
2014-01-02,355.0
2014-01-03,274.0
2014-01-04,321.0
2014-01-05,186.0
2014-01-06,236.0
2014-01-07,310.0
2014-01-08,360.0
2014-01-09,347.0
2014-01-10,332.0
2014-01-11,296.0
2014-01-12,284.0
2014-01-13,443.0
2014-01-14,442.0
2014-01-15,440.0
2014-01-16,375.0
2014-01-17,368.0
2014-01-18,264.0
2014-01-19,203.0
2014-01-20,357.0
2014-01-21,409.0
2014-01-22,402.0
2014-01-23,365.0
2014-01-24,354.0
2014-01-25,272.0
2014-01-26,153.0
2014-01-27,315.0
2014-01-28,290.0
2014-01-29,275.0
2014-01-30,271.0
2014-01-31,259.0
2014-02-01,145.0
2014-02-02,156.0
2014-02-03,245.0
2014-02-04,276.0
2014-02-05,265.0
2014-02-06,272.0
2014-02-07,281.0
2014-02-08,182.0
2014-02-09,153.0
2014-02-10,258.0
2014-02-11,281.0
2014-02-12,257.0
2014-02-13,231.0
2014-02-14,273.0
2014-02-15,213.0
2014-02-16,193.0
2014-02-17,256.0
2014-02-18,223.0
2014-02-19,232.0
2014-02-20,242.0
2014-02-21,276.0
2014-02-22,194.0
2014-02-23,196.0
2014-02-24,306.0
2014-02-25,209.0
2014-02-26,419.0
2014-02-27,413.0
2014-02-28,335.0
2014-03-01,264.0
2014-03-02,242.0
2014-03-03,455.0
2014-03-04,391.0
2014-03-05,401.0
2014-03-06,450.0
2014-03-07,376.0
2014-03-08,285.0
2014-03-09,307.0
2014-03-10,414.0
2014-03-11,379.0
2014-03-12,367.0
2014-03-13,398.0
2014-03-14,378.0
2014-03-15,286.0
2014-03-16,187.0
2014-03-17,327.0
2014-03-18,401.0
2014-03-19,423.0
2014-03-20,392.0
2014-03-21,431.0
2014-03-22,282.0
2014-03-23,318.0
2014-03-24,361.0
2014-03-25,380.0
2014-03-26,395.0
2014-03-27,344.0
2014-03-28,299.0
2014-03-29,263.0
2014-03-30,202.0
2014-03-31,364.0
2014-04-01,437.0
2014-04-02,408.0
2014-04-03,381.0
2014-04-04,395.0
2014-04-05,296.0
2014-04-06,216.0
2014-04-07,335.0
2014-04-08,318.0
2014-04-09,266.0
2014-04-10,301.0
2014-04-11,310.0
2014-04-12,97.0
2014-04-13,309.0
2014-04-14,352.0
2014-04-15,332.0
2014-04-16,272.0
2014-04-17,326.0
2014-04-18,273.0
2014-04-19,328.0
2014-04-20,296.0
2014-04-21,365.0
2014-04-22,359.0
2014-04-23,346.0
2014-04-24,405.0
2014-04-25,311.0
2014-04-26,352.0
2014-04-27,310.0
2014-04-28,437.0
2014-04-29,440.0
2014-04-30,385.0
2014-05-01,316.0
2014-05-02,426.0
2014-05-03,335.0
2014-05-04,258.0
2014-05-05,427.0
2014-05-06,475.0
2014-05-07,367.0
2014-05-08,385.0
2014-05-09,351.0
2014-05-10,286.0
2014-05-11,305.0
2014-05-12,526.0
2014-05-13,399.0
2014-05-14,459.0
2014-05-15,408.0
2014-05-16,408.0
2014-05-17,329.0
2014-05-18,225.0
2014-05-19,513.0
2014-05-20,460.0
2014-05-21,397.0
2014-05-22,433.0
2014-05-23,344.0
2014-05-24,262.0
2014-05-25,274.0
2014-05-26,479.0
2014-05-27,412.0
2014-05-28,356.0
2014-05-29,400.0
2014-05-30,400.0
2014-05-31,341.0
2014-06-01,288.0
2014-06-02,489.0
2014-06-03,458.0
2014-06-04,462.0
2014-06-05,429.0
2014-06-06,360.0
2014-06-07,288.0
2014-06-08,284.0
2014-06-09,513.0
2014-06-10,472.0
2014-06-11,406.0
2014-06-12,501.0
2014-06-13,467.0
2014-06-14,275.0
2014-06-15,271.0
2014-06-16,479.0
2014-06-17,435.0
2014-06-18,363.0
2014-06-19,452.0
2014-06-20,282.0
2014-06-21,293.0
2014-06-22,290.0
2014-06-23,424.0
2014-06-24,434.0
2014-06-25,356.0
2014-06-26,555.0
2014-06-27,366.0
2014-06-28,228.0
2014-06-29,320.0
2014-06-30,419.0
2014-07-01,405.0
2014-07-02,400.0
2014-07-03,350.0
2014-07-04,379.0
2014-07-05,234.0
2014-07-06,299.0
2014-07-07,455.0
2014-07-08,379.0
2014-07-09,327.0
2014-07-10,372.0
2014-07-11,313.0
2014-07-12,299.0
2014-07-13,216.0
2014-07-14,374.0
2014-07-15,378.0
2014-07-16,389.0
2014-07-17,361.0
2014-07-18,344.0
2014-07-19,247.0
2014-07-20,205.0
2014-07-21,407.0
2014-07-22,370.0
2014-07-23,333.0
2014-07-24,341.0
2014-07-25,320.0
2014-07-26,216.0
2014-07-27,280.0
2014-07-28,444.0
2014-07-29,339.0
2014-07-30,433.0
2014-07-31,388.0
2014-08-01,283.0
2014-08-02,295.0
2014-08-03,247.0
2014-08-04,414.0
2014-08-05,324.0
2014-08-06,349.0
2014-08-07,491.0
2014-08-08,390.0
2014-08-09,371.0
2014-08-10,193.0
2014-08-11,479.0
2014-08-12,415.0
2014-08-13,291.0
2014-08-14,252.0
2014-08-15,237.0
2014-08-16,357.0
2014-08-17,295.0
2014-08-18,307.0
2014-08-19,396.0
2014-08-20,404.0
2014-08-21,427.0
2014-08-22,506.0
2014-08-23,364.0
2014-08-24,370.0
2014-08-25,536.0
2014-08-26,477.0
2014-08-27,383.0
2014-08-28,402.0
2014-08-29,352.0
2014-08-30,354.0
2014-08-31,290.0
2014-09-01,452.0
2014-09-02,402.0
2014-09-03,338.0
2014-09-04,382.0
2014-09-05,377.0
2014-09-06,324.0
2014-09-07,226.0
2014-09-08,374.0
2014-09-09,451.0
2014-09-10,383.0
2014-09-11,417.0
2014-09-12,317.0
2014-09-13,289.0
2014-09-14,282.0
2014-09-15,294.0
2014-09-16,394.0
2014-09-17,308.0
2014-09-18,413.0
2014-09-19,454.0
2014-09-20,268.0
2014-09-21,310.0
2014-09-22,527.0
2014-09-23,481.0
2014-09-24,472.0
2014-09-25,596.0
2014-09-26,269.0
2014-09-27,215.0
2014-09-28,191.0
2014-09-29,488.0
2014-09-30,425.0
2014-10-01,349.0
2014-10-02,411.0
2014-10-03,396.0
2014-10-04,289.0
2014-10-05,260.0
2014-10-06,399.0
2014-10-07,306.0
2014-10-08,318.0
2014-10-09,318.0
2014-10-10,264.0
2014-10-11,271.0
2014-10-12,318.0
2014-10-13,441.0
2014-10-14,418.0
2014-10-15,348.0
2014-10-16,423.0
2014-10-17,324.0
2014-10-18,310.0
2014-10-19,421.0
2014-10-20,329.0
2014-10-21,399.0
2014-10-22,272.0
2014-10-23,282.0
2014-10-24,190.0
2014-10-25,166.0
2014-10-26,309.0
2014-10-27,458.0
2014-10-28,490.0
2014-10-29,338.0
2014-10-30,368.0
2014-10-31,320.0
2014-11-01,336.0
2014-11-02,204.0
2014-11-03,344.0
2014-11-04,335.0
2014-11-05,302.0
2014-11-06,303.0
2014-11-07,196.0
2014-11-08,204.0
2014-11-09,137.0
2014-11-10,287.0
2014-11-11,308.0
2014-11-12,184.0
2014-11-13,228.0
2014-11-14,170.0
2014-11-15,133.0
2014-11-16,150.0
2014-11-17,185.0
2014-11-18,298.0
2014-11-19,276.0
2014-11-20,331.0
2014-11-21,208.0
2014-11-22,186.0
2014-11-23,241.0
2014-11-24,342.0
2014-11-25,252.0
2014-11-26,468.0
2014-11-27,493.0
2014-11-28,461.0
2014-11-29,270.0
2014-11-30,353.0
2014-12-01,379.0
2014-12-02,535.0
2014-12-03,466.0
2014-12-04,543.0
2014-12-05,425.0
2014-12-06,296.0
2014-12-07,218.0
2014-12-08,444.0
2014-12-09,500.0
2014-12-10,333.0
2014-12-11,306.0
2014-12-12,286.0
2014-12-13,267.0
2014-12-14,301.0
2014-12-15,386.0
2014-12-16,367.0
2014-12-17,354.0
2014-12-18,434.0
2014-12-19,337.0
2014-12-20,377.0
2014-12-21,267.0
2014-12-22,338.0
2014-12-23,328.0
2014-12-24,273.0
2014-12-25,389.0
2014-12-26,312.0
2014-12-27,273.0
2014-12-28,221.0
2014-12-29,301.0
2014-12-30,206.0
2014-12-31,270.0
2015-01-01,402.0
2015-01-02,273.0
2015-01-03,421.0
2015-01-04,343.0
2015-01-05,472.0
2015-01-06,374.0
2015-01-07,448.0
2015-01-08,516.0
2015-01-09,462.0
2015-01-10,395.0
2015-01-11,389.0
2015-01-12,548.0
2015-01-13,395.0
2015-01-14,454.0
2015-01-15,435.0
2015-01-16,476.0
2015-01-17,357.0
2015-01-18,388.0
2015-01-19,563.0
2015-01-20,348.0
2015-01-21,441.0
2015-01-22,382.0
2015-01-23,313.0
2015-01-24,280.0
2015-01-25,266.0
2015-01-26,379.0
2015-01-27,330.0
2015-01-28,323.0
2015-01-29,357.0
2015-01-30,236.0
2015-01-31,172.0
2015-02-01,276.0
2015-02-02,192.0
2015-02-03,342.0
2015-02-04,196.0
2015-02-05,243.0
2015-02-06,226.0
2015-02-07,314.0
2015-02-08,312.0
2015-02-09,399.0
2015-02-10,444.0
2015-02-11,439.0
2015-02-12,420.0
2015-02-13,422.0
2015-02-14,345.0
2015-02-15,269.0
2015-02-16,469.0
2015-02-17,500.0
2015-02-18,416.0
2015-02-19,443.0
2015-02-20,436.0
2015-02-21,332.0
2015-02-22,352.0
2015-02-23,525.0
2015-02-24,482.0
2015-02-25,282.0
2015-02-26,387.0
2015-02-27,437.0
2015-02-28,262.0
2015-03-01,297.0
2015-03-02,555.0
2015-03-03,445.0
2015-03-04,436.0
2015-03-05,482.0
2015-03-06,412.0
2015-03-07,336.0
2015-03-08,342.0
2015-03-09,558.0
2015-03-10,432.0
2015-03-11,422.0
2015-03-12,453.0
2015-03-13,344.0
2015-03-14,227.0
2015-03-15,225.0
2015-03-16,319.0
2015-03-17,392.0
2015-03-18,441.0
2015-03-19,409.0
2015-03-20,237.0
2015-03-21,198.0
2015-03-22,216.0
2015-03-23,324.0
2015-03-24,331.0
2015-03-25,270.0
2015-03-26,416.0
2015-03-27,468.0
2015-03-28,325.0
2015-03-29,305.0
2015-03-30,456.0
2015-03-31,413.0
2015-04-01,386.0
2015-04-02,288.0
2015-04-03,270.0
2015-04-04,290.0
2015-04-05,297.0
2015-04-06,462.0
2015-04-07,414.0
2015-04-08,393.0
2015-04-09,547.0
2015-04-10,431.0
2015-04-11,273.0
2015-04-12,248.0
2015-04-13,484.0
2015-04-14,481.0
2015-04-15,454.0
2015-04-16,478.0
2015-04-17,448.0
2015-04-18,330.0
2015-04-19,301.0
2015-04-20,505.0
2015-04-21,430.0
2015-04-22,433.0
2015-04-23,314.0
2015-04-24,258.0
2015-04-25,248.0
2015-04-26,280.0
2015-04-27,609.0
2015-04-28,500.0
2015-04-29,328.0
2015-04-30,373.0
2015-05-01,395.0
2015-05-02,371.0
2015-05-03,290.0
2015-05-04,461.0
2015-05-05,498.0
2015-05-06,512.0
2015-05-07,530.0
2015-05-08,416.0
2015-05-09,407.0
2015-05-10,217.0
2015-05-11,588.0
2015-05-12,550.0
2015-05-13,497.0
2015-05-14,484.0
2015-05-15,557.0
2015-05-16,298.0
2015-05-17,414.0
2015-05-18,506.0
2015-05-19,534.0
2015-05-20,482.0
2015-05-21,551.0
2015-05-22,434.0
2015-05-23,427.0
2015-05-24,281.0
2015-05-25,610.0
2015-05-26,420.0
2015-05-27,417.0
2015-05-28,393.0
2015-05-29,325.0
2015-05-30,227.0
2015-05-31,292.0
2015-06-01,293.0
2015-06-02,378.0
2015-06-03,341.0
2015-06-04,359.0
2015-06-05,408.0
2015-06-06,320.0
2015-06-07,333.0
2015-06-08,406.0
2015-06-09,449.0
2015-06-10,398.0
2015-06-11,479.0
2015-06-12,474.0
2015-06-13,286.0
2015-06-14,327.0
2015-06-15,406.0
2015-06-16,378.0
2015-06-17,347.0
2015-06-18,334.0
2015-06-19,275.0
2015-06-20,240.0
2015-06-21,228.0
2015-06-22,416.0
2015-06-23,211.0
2015-06-24,177.0
2015-06-25,197.0
2015-06-26,424.0
2015-06-27,291.0
2015-06-28,373.0
2015-06-29,510.0
2015-06-30,479.0
2015-07-01,489.0
2015-07-02,441.0
2015-07-03,434.0
2015-07-04,349.0
2015-07-05,387.0
2015-07-06,552.0
2015-07-07,477.0
2015-07-08,448.0
2015-07-09,434.0
2015-07-10,406.0
2015-07-11,400.0
2015-07-12,315.0
2015-07-13,579.0
2015-07-14,496.0
2015-07-15,376.0
2015-07-16,325.0
2015-07-17,445.0
2015-07-18,117.0
2015-07-19,159.0
2015-07-20,273.0
2015-07-21,220.0
2015-07-22,223.0
2015-07-23,211.0
2015-07-24,200.0
2015-07-25,193.0
2015-07-26,320.0
2015-07-27,454.0
2015-07-28,432.0
2015-07-29,429.0
2015-07-30,396.0
2015-07-31,414.0
2015-08-01,300.0
2015-08-02,243.0
2015-08-03,544.0
2015-08-04,501.0
2015-08-05,443.0
2015-08-06,495.0
2015-08-07,420.0
2015-08-08,277.0
2015-08-09,284.0
2015-08-10,488.0
2015-08-11,418.0
2015-08-12,427.0
2015-08-13,409.0
2015-08-14,378.0
2015-08-15,255.0
2015-08-16,250.0
2015-08-17,507.0
2015-08-18,465.0
2015-08-19,488.0
2015-08-20,383.0
2015-08-21,445.0
2015-08-22,273.0
2015-08-23,362.0
2015-08-24,469.0
2015-08-25,388.0
2015-08-26,423.0
2015-08-27,354.0
2015-08-28,415.0
2015-08-29,314.0
2015-08-30,311.0
2015-08-31,496.0
2015-09-01,451.0
2015-09-02,569.0
2015-09-03,439.0
2015-09-04,358.0
2015-09-05,240.0
2015-09-06,244.0
2015-09-07,495.0
2015-09-08,533.0
2015-09-09,447.0
2015-09-10,531.0
2015-09-11,423.0
2015-09-12,311.0
2015-09-13,391.0
2015-09-14,559.0
2015-09-15,419.0
2015-09-16,403.0
2015-09-17,542.0
2015-09-18,387.0
2015-09-19,445.0
2015-09-20,337.0
2015-09-21,535.0
2015-09-22,450.0
2015-09-23,487.0
2015-09-24,468.0
2015-09-25,430.0
2015-09-26,323.0
2015-09-27,330.0
2015-09-28,433.0
2015-09-29,410.0
2015-09-30,384.0
2015-10-01,334.0
2015-10-02,330.0
2015-10-03,304.0
2015-10-04,350.0
2015-10-05,452.0
2015-10-06,363.0
2015-10-07,351.0
2015-10-08,355.0
2015-10-09,353.0
2015-10-10,257.0
2015-10-11,314.0
2015-10-12,508.0
2015-10-13,320.0
2015-10-14,371.0
2015-10-15,339.0
2015-10-16,417.0
2015-10-17,284.0
2015-10-18,247.0
2015-10-19,451.0
2015-10-20,347.0
2015-10-21,348.0
2015-10-22,389.0
2015-10-23,361.0
2015-10-24,267.0
2015-10-25,304.0
2015-10-26,410.0
2015-10-27,342.0
2015-10-28,336.0
2015-10-29,358.0
2015-10-30,249.0
2015-10-31,221.0
2015-11-01,304.0
2015-11-02,369.0
2015-11-03,340.0
2015-11-04,341.0
2015-11-05,353.0
2015-11-06,307.0
2015-11-07,313.0
2015-11-08,356.0
2015-11-09,473.0
2015-11-10,375.0
2015-11-11,369.0
2015-11-12,327.0
2015-11-13,341.0
2015-11-14,235.0
2015-11-15,302.0
2015-11-16,411.0
2015-11-17,373.0
2015-11-18,303.0
2015-11-19,398.0
2015-11-20,314.0
2015-11-21,308.0
2015-11-22,317.0
2015-11-23,453.0
2015-11-24,294.0
2015-11-25,330.0
2015-11-26,456.0
2015-11-27,353.0
2015-11-28,258.0
2015-11-29,316.0
2015-11-30,422.0
2015-12-01,296.0
2015-12-02,449.0
2015-12-03,335.0
2015-12-04,346.0
2015-12-05,249.0
2015-12-06,335.0
2015-12-07,389.0
2015-12-08,316.0
2015-12-09,325.0
2015-12-10,313.0
2015-12-11,426.0
2015-12-12,137.0
2015-12-13,256.0
2015-12-14,396.0
2015-12-15,351.0
2015-12-16,291.0
2015-12-17,337.0
2015-12-18,312.0
2015-12-19,164.0
2015-12-20,328.0
2015-12-21,320.0
2015-12-22,297.0
2015-12-23,352.0
2015-12-24,207.0
2015-12-25,258.0
2015-12-26,323.0
2015-12-27,228.0
2015-12-28,313.0
2015-12-29,281.0
2015-12-30,270.0
2015-12-31,197.0
2016-01-01,317.0
2016-01-02,226.0
2016-01-03,250.0
2016-01-04,316.0
2016-01-05,210.0
2016-01-06,299.0
2016-01-07,252.0
2016-01-08,279.0
2016-01-09,201.0
2016-01-10,317.0
2016-01-11,375.0
2016-01-12,246.0
2016-01-13,304.0
2016-01-14,244.0
2016-01-15,303.0
2016-01-16,265.0
2016-01-17,262.0
2016-01-18,348.0
2016-01-19,318.0
2016-01-20,300.0
2016-01-21,299.0
2016-01-22,276.0
2016-01-23,234.0
2016-01-24,259.0
2016-01-25,373.0
2016-01-26,599.0
2016-01-27,303.0
2016-01-28,250.0
2016-01-29,317.0
2016-01-30,273.0
2016-01-31,251.0
2016-02-01,220.0
2016-02-02,275.0
2016-02-03,171.0
2016-02-04,315.0
2016-02-05,165.0
2016-02-06,158.0
2016-02-07,127.0
2016-02-08,180.0
2016-02-09,152.0
2016-02-10,203.0
2016-02-11,459.0
2016-02-12,175.0
2016-02-13,296.0
2016-02-14,280.0
2016-02-15,385.0
2016-02-16,339.0
2016-02-17,374.0
2016-02-18,329.0
2016-02-19,404.0
2016-02-20,317.0
2016-02-21,317.0
2016-02-22,389.0
2016-02-23,349.0
2016-02-24,457.0
2016-02-25,341.0
2016-02-26,550.0
2016-02-27,202.0
2016-02-28,289.0
2016-02-29,438.0
2016-03-01,467.0
2016-03-02,343.0
2016-03-03,335.0
2016-03-04,322.0
2016-03-05,239.0
2016-03-06,281.0
2016-03-07,427.0
2016-03-08,293.0
2016-03-09,316.0
2016-03-10,315.0
2016-03-11,217.0
2016-03-12,229.0
2016-03-13,356.0
2016-03-14,382.0
2016-03-15,323.0
2016-03-16,490.0
2016-03-17,166.0
2016-03-18,269.0
2016-03-19,268.0
2016-03-20,265.0
2016-03-21,394.0
2016-03-22,278.0
2016-03-23,298.0
2016-03-24,278.0
2016-03-25,290.0
2016-03-26,268.0
2016-03-27,356.0
2016-03-28,377.0
2016-03-29,298.0
2016-03-30,339.0
2016-03-31,268.0
2016-04-01,331.0
2016-04-02,346.0
2016-04-03,317.0
2016-04-04,459.0
2016-04-05,404.0
2016-04-06,340.0
2016-04-07,352.0
2016-04-08,202.0
2016-04-09,241.0
2016-04-10,221.0
2016-04-11,279.0
2016-04-12,212.0
2016-04-13,244.0
2016-04-14,214.0
2016-04-15,362.0
2016-04-16,234.0
2016-04-17,322.0
2016-04-18,442.0
2016-04-19,386.0
2016-04-20,380.0
2016-04-21,412.0
2016-04-22,288.0
2016-04-23,347.0
2016-04-24,364.0
2016-04-25,465.0
2016-04-26,409.0
2016-04-27,364.0
2016-04-28,351.0
2016-04-29,367.0
2016-04-30,385.0
2016-05-01,293.0
2016-05-02,557.0
2016-05-03,437.0
2016-05-04,402.0
2016-05-05,483.0
2016-05-06,362.0
2016-05-07,380.0
2016-05-08,412.0
2016-05-09,403.0
2016-05-10,198.0
2016-05-11,243.0
2016-05-12,365.0
2016-05-13,373.0
2016-05-14,375.0
2016-05-15,451.0
2016-05-16,439.0
2016-05-17,324.0
2016-05-18,346.0
2016-05-19,367.0
2016-05-20,359.0
2016-05-21,434.0
2016-05-22,413.0
2016-05-23,429.0
2016-05-24,437.0
2016-05-25,492.0
2016-05-26,490.0
2016-05-27,402.0
2016-05-28,347.0
2016-05-29,334.0
2016-05-30,420.0
2016-05-31,417.0
2016-06-01,381.0
2016-06-02,437.0
2016-06-03,358.0
2016-06-04,326.0
2016-06-05,378.0
2016-06-06,546.0
2016-06-07,390.0
2016-06-08,414.0
2016-06-09,281.0
2016-06-10,341.0
2016-06-11,318.0
2016-06-12,400.0
2016-06-13,445.0
2016-06-14,448.0
2016-06-15,327.0
2016-06-16,348.0
2016-06-17,356.0
2016-06-18,293.0
2016-06-19,360.0
2016-06-20,442.0
2016-06-21,325.0
2016-06-22,411.0
2016-06-23,295.0
2016-06-24,375.0
2016-06-25,324.0
2016-06-26,291.0
2016-06-27,360.0
2016-06-28,327.0
2016-06-29,314.0
2016-06-30,344.0
2016-07-01,377.0
2016-07-02,328.0
2016-07-03,290.0
2016-07-04,389.0
2016-07-05,295.0
2016-07-06,422.0
2016-07-07,240.0
2016-07-08,321.0
2016-07-09,269.0
2016-07-10,382.0
2016-07-11,344.0
2016-07-12,185.0
2016-07-13,379.0
2016-07-14,235.0
2016-07-15,288.0
2016-07-16,267.0
2016-07-17,250.0
2016-07-18,292.0
2016-07-19,257.0
2016-07-20,464.0
2016-07-21,167.0
2016-07-22,341.0
2016-07-23,205.0
2016-07-24,291.0
2016-07-25,368.0
2016-07-26,189.0
2016-07-27,259.0
2016-07-28,138.0
2016-07-29,267.0
2016-07-30,202.0
2016-07-31,363.0
2016-08-01,411.0
2016-08-02,344.0
2016-08-03,233.0
2016-08-04,413.0
2016-08-05,334.0
2016-08-06,300.0
2016-08-07,232.0
2016-08-08,282.0
2016-08-09,307.0
2016-08-10,282.0
2016-08-11,362.0
2016-08-12,257.0
2016-08-13,324.0
2016-08-14,296.0
2016-08-15,355.0
2016-08-16,330.0
2016-08-17,166.0
2016-08-18,145.0
2016-08-19,231.0
2016-08-20,301.0
2016-08-21,217.0
2016-08-22,314.0
2016-08-23,224.0
2016-08-24,338.0
2016-08-25,272.0
2016-08-26,310.0
2016-08-27,236.0
2016-08-28,257.0
2016-08-29,332.0
2016-08-30,345.0
2016-08-31,346.0
2016-09-01,317.0
2016-09-02,312.0
2016-09-03,307.0
2016-09-04,267.0
2016-09-05,354.0
2016-09-06,297.0
2016-09-07,330.0
2016-09-08,293.0
2016-09-09,245.0
2016-09-10,284.0
2016-09-11,290.0
2016-09-12,352.0
2016-09-13,247.0
2016-09-14,339.0
2016-09-15,184.0
2016-09-16,136.0
2016-09-17,138.0
2016-09-18,126.0
2016-09-19,164.0
2016-09-20,193.0
2016-09-21,357.0
2016-09-22,322.0
2016-09-23,288.0
2016-09-24,277.0
2016-09-25,475.0
2016-09-26,391.0
2016-09-27,290.0
2016-09-28,383.0
2016-09-29,346.0
2016-09-30,227.0
2016-10-01,245.0
2016-10-02,346.0
2016-10-03,329.0
2016-10-04,359.0
2016-10-05,356.0
2016-10-06,327.0
2016-10-07,314.0
2016-10-08,295.0
2016-10-09,331.0
2016-10-10,401.0
2016-10-11,311.0
2016-10-12,333.0
2016-10-13,328.0
2016-10-14,345.0
2016-10-15,308.0
2016-10-16,258.0
2016-10-17,346.0
2016-10-18,298.0
2016-10-19,344.0
2016-10-20,321.0
2016-10-21,276.0
2016-10-22,318.0
2016-10-23,270.0
2016-10-24,336.0
2016-10-25,215.0
2016-10-26,279.0
2016-10-27,180.0
2016-10-28,285.0
2016-10-29,305.0
2016-10-30,238.0
2016-10-31,255.0
2016-11-01,270.0
2016-11-02,275.0
2016-11-03,249.0
2016-11-04,272.0
2016-11-05,249.0
2016-11-06,320.0
2016-11-07,299.0
2016-11-08,322.0
2016-11-09,229.0
2016-11-10,257.0
2016-11-11,232.0
2016-11-12,221.0
2016-11-13,209.0
2016-11-14,306.0
2016-11-15,186.0
2016-11-16,297.0
2016-11-17,246.0
2016-11-18,210.0
2016-11-19,247.0
2016-11-20,238.0
2016-11-21,333.0
2016-11-22,218.0
2016-11-23,253.0
2016-11-24,254.0
2016-11-25,208.0
2016-11-26,218.0
2016-11-27,305.0
2016-11-28,275.0
2016-11-29,325.0
2016-11-30,261.0
2016-12-01,273.0
2016-12-02,203.0
2016-12-03,279.0
2016-12-04,256.0
2016-12-05,329.0
2016-12-06,289.0
2016-12-07,284.0
2016-12-08,249.0
2016-12-09,224.0
2016-12-10,248.0
2016-12-11,238.0
2016-12-12,308.0
2016-12-13,400.0
2016-12-14,257.0
2016-12-15,283.0
2016-12-16,225.0
2016-12-17,288.0
2016-12-18,328.0
2016-12-19,310.0
2016-12-20,281.0
2016-12-21,213.0
2016-12-22,238.0
2016-12-23,187.0
2016-12-24,193.0
2016-12-25,267.0
2016-12-26,276.0
2016-12-27,278.0
2016-12-28,321.0
2016-12-29,153.0
2016-12-30,95.0
2016-12-31,121.0
2017-01-01,51.0
2017-01-02,46.0
2017-01-03,89.0
2017-01-04,92.0
2017-01-05,76.0
2017-01-06,126.0
2017-01-07,124.0
2017-01-08,97.0
2017-01-09,92.0
2017-01-10,99.0
2017-01-11,38.0
2017-01-12,31.0
2017-01-13,22.0
2017-01-14,1.0
2017-01-15,1.0
2017-01-16,21.0
2017-01-17,20.0
2017-01-18,32.0
2017-01-19,13.0
2017-01-20,8.0
2017-01-21,1.0
2017-01-22,0.0
2017-01-23,0.0
2017-01-24,7.0
2017-01-25,11.0
2017-01-26,0.0
2017-01-27,0.0
2017-01-28,2.0
2017-01-29,0.0
2017-01-30,0.0
2017-01-31,0.0
2017-02-01,160.0
2017-02-02,168.0
2017-02-03,196.0
2017-02-04,259.0
2017-02-05,222.0
2017-02-06,185.0
2017-02-07,172.0
2017-02-08,134.0
2017-02-09,165.0
2017-02-10,155.0
2017-02-11,94.0
2017-02-12,105.0
2017-02-13,238.0
2017-02-14,185.0
2017-02-15,204.0
2017-02-16,224.0
2017-02-17,156.0
2017-02-18,102.0
2017-02-19,64.0
2017-02-20,265.0
2017-02-21,227.0
2017-02-22,189.0
2017-02-23,218.0
2017-02-24,184.0
2017-02-25,142.0
2017-02-26,94.0
2017-02-27,230.0
2017-02-28,153.0
2017-03-01,256.0
2017-03-02,404.0
2017-03-03,235.0
2017-03-04,226.0
2017-03-05,284.0
2017-03-06,382.0
2017-03-07,247.0
2017-03-08,240.0
2017-03-09,296.0
2017-03-10,267.0
2017-03-11,211.0
2017-03-12,189.0
2017-03-13,252.0
2017-03-14,205.0
2017-03-15,193.0
2017-03-16,202.0
2017-03-17,186.0
2017-03-18,144.0
2017-03-19,136.0
2017-03-20,172.0
2017-03-21,236.0
2017-03-22,191.0
2017-03-23,224.0
2017-03-24,227.0
2017-03-25,193.0
2017-03-26,212.0
2017-03-27,261.0
2017-03-28,231.0
2017-03-29,204.0
2017-03-30,220.0
2017-03-31,129.0
2017-04-01,340.0
2017-04-02,351.0
2017-04-03,328.0
2017-04-04,352.0
2017-04-05,295.0
2017-04-06,288.0
2017-04-07,257.0
2017-04-08,345.0
2017-04-09,295.0
2017-04-10,324.0
2017-04-11,337.0
2017-04-12,329.0
2017-04-13,269.0
2017-04-14,273.0
2017-04-15,391.0
2017-04-16,347.0
2017-04-17,267.0
2017-04-18,274.0
2017-04-19,210.0
2017-04-20,257.0
2017-04-21,261.0
2017-04-22,327.0
2017-04-23,142.0
2017-04-24,271.0
2017-04-25,213.0
2017-04-26,179.0
2017-04-27,244.0
2017-04-28,196.0
2017-04-29,254.0
2017-04-30,282.0
2017-05-01,205.0
2017-05-02,230.0
2017-05-03,212.0
2017-05-04,239.0
2017-05-05,171.0
2017-05-06,127.0
2017-05-07,176.0
2017-05-08,222.0
2017-05-09,199.0
2017-05-10,168.0
2017-05-11,158.0
2017-05-12,203.0
2017-05-13,214.0
2017-05-14,213.0
2017-05-15,266.0
2017-05-16,231.0
2017-05-17,213.0
2017-05-18,234.0
2017-05-19,155.0
2017-05-20,126.0
2017-05-21,169.0
2017-05-22,320.0
2017-05-23,425.0
2017-05-24,400.0
2017-05-25,454.0
2017-05-26,437.0
2017-05-27,304.0
2017-05-28,437.0
2017-05-29,391.0
2017-05-30,318.0
2017-05-31,353.0
2017-06-01,290.0
2017-06-02,307.0
2017-06-03,263.0
2017-06-04,271.0
2017-06-05,369.0
2017-06-06,335.0
2017-06-07,336.0
2017-06-08,223.0
2017-06-09,231.0
2017-06-10,236.0
2017-06-11,242.0
2017-06-12,399.0
2017-06-13,331.0
2017-06-14,297.0
2017-06-15,311.0
2017-06-16,345.0
2017-06-17,255.0
2017-06-18,315.0
2017-06-19,377.0
2017-06-20,364.0
2017-06-21,309.0
2017-06-22,320.0
2017-06-23,253.0
2017-06-24,156.0
2017-06-25,271.0
2017-06-26,281.0
2017-06-27,206.0
2017-06-28,185.0
2017-06-29,168.0
2017-06-30,155.0
2017-07-01,22.0
2017-07-02,3.0
2017-07-03,203.0
2017-07-04,261.0
2017-07-05,235.0
2017-07-06,241.0
2017-07-07,288.0
2017-07-08,260.0
2017-07-09,292.0
2017-07-10,325.0
2017-07-11,281.0
2017-07-12,206.0
2017-07-13,231.0
2017-07-14,234.0
2017-07-15,263.0
2017-07-16,277.0
2017-07-17,260.0
2017-07-18,217.0
2017-07-19,253.0
2017-07-20,267.0
2017-07-21,231.0
2017-07-22,224.0
2017-07-23,249.0
2017-07-24,424.0
2017-07-25,387.0
2017-07-26,344.0
2017-07-27,414.0
2017-07-28,359.0
2017-07-29,343.0
2017-07-30,450.0
2017-07-31,433.0
2017-08-01,364.0
2017-08-02,350.0
2017-08-03,342.0
2017-08-04,361.0
2017-08-05,309.0
2017-08-06,360.0
2017-08-07,446.0
2017-08-08,355.0
2017-08-09,379.0
2017-08-10,361.0
2017-08-11,336.0
2017-08-12,307.0
2017-08-13,378.0
2017-08-14,425.0
2017-08-15,377.0
2017-08-16,334.0
2017-08-17,298.0
2017-08-18,374.0
2017-08-19,321.0
2017-08-20,392.0
2017-08-21,415.0
2017-08-22,379.0
2017-08-23,467.0
2017-08-24,475.0
2017-08-25,525.0
2017-08-26,470.0
2017-08-27,442.0
2017-08-28,471.0
2017-08-29,405.0
2017-08-30,354.0
2017-08-31,384.0
2017-09-01,348.0
2017-09-02,362.0
2017-09-03,406.0
2017-09-04,502.0
2017-09-05,1.0
2017-09-06,377.0
2017-09-07,370.0
2017-09-08,378.0
2017-09-09,431.0
2017-09-10,462.0
2017-09-11,455.0
2017-09-12,442.0
2017-09-13,437.0
2017-09-14,455.0
2017-09-15,334.0
2017-09-16,411.0
2017-09-17,427.0
2017-09-18,471.0
2017-09-19,462.0
2017-09-20,469.0
2017-09-21,452.0
2017-09-22,403.0
2017-09-23,349.0
2017-09-24,395.0
2017-09-25,505.0
2017-09-26,411.0
2017-09-27,429.0
2017-09-28,390.0
2017-09-29,415.0
2017-09-30,386.0
2017-10-01,448.0
2017-10-02,507.0
2017-10-03,501.0
2017-10-04,408.0
2017-10-05,465.0
2017-10-06,401.0
2017-10-07,402.0
2017-10-08,424.0
2017-10-09,534.0
2017-10-10,485.0
2017-10-11,430.0
2017-10-12,386.0
2017-10-13,330.0
2017-10-14,344.0
2017-10-15,409.0
2017-10-16,492.0
2017-10-17,452.0
2017-10-18,425.0
2017-10-19,435.0
2017-10-20,321.0
2017-10-21,415.0
2017-10-22,414.0
2017-10-23,457.0
2017-10-24,391.0
2017-10-25,353.0
2017-10-26,290.0
2017-10-27,325.0
2017-10-28,288.0
2017-10-29,345.0
2017-10-30,384.0
2017-10-31,294.0
2017-11-01,315.0
2017-11-02,348.0
2017-11-03,402.0
2017-11-04,355.0
2017-11-05,412.0
2017-11-06,441.0
2017-11-07,388.0
2017-11-08,345.0
2017-11-09,340.0
2017-11-10,337.0
2017-11-11,312.0
2017-11-12,365.0
2017-11-13,438.0
2017-11-14,356.0
2017-11-15,348.0
2017-11-16,347.0
2017-11-17,312.0
2017-11-18,322.0
2017-11-19,344.0
2017-11-20,321.0
2017-11-21,341.0
2017-11-22,328.0
2017-11-23,304.0
2017-11-24,257.0
2017-11-25,280.0
2017-11-26,289.0
2017-11-27,366.0
2017-11-28,302.0
2017-11-29,301.0
2017-11-30,274.0
2017-12-01,314.0
2017-12-02,262.0
2017-12-03,368.0
2017-12-04,387.0
2017-12-05,348.0
2017-12-06,5.0
2017-12-07,338.0
2017-12-08,278.0
2017-12-09,258.0
2017-12-10,280.0
2017-12-11,306.0
2017-12-12,286.0
2017-12-13,308.0
2017-12-14,302.0
2017-12-15,296.0
2017-12-16,254.0
2017-12-17,267.0
2017-12-18,368.0
2017-12-19,329.0
2017-12-20,303.0
2017-12-21,340.0
2017-12-22,301.0
2017-12-23,264.0
2017-12-24,294.0
2017-12-25,2180.0
